id,domain,keyword,target_id
S0001,industry,工業及服務業,I001
S0002,industry,工及服務,I001
S0003,industry,工業及服務,I001
S0004,industry,工業與服務業,I001
S0005,industry,工業,I002
S0006,industry,工,I002
S0007,industry,礦業及土石採取業,I003
S0008,industry,礦及土石採取,I003
S0009,industry,礦業與土石採取業,I003
S0010,industry,石油及天然氣礦業,I004
S0011,industry,石油及天然氣礦,I004
S0012,industry,石油與天然氣礦業,I004
S0013,industry,砂﹑石採取及其他礦業,I005
S0014,industry,砂﹑石採取及其他礦,I005
S0015,industry,砂﹑石採取與其他礦業,I005
S0016,industry,製造業,I006
S0017,industry,製造,I006
S0018,industry,食品及飼品製造業,I007
S0019,industry,食品及飼品製造,I007
S0020,industry,食品與飼品製造業,I007
S0021,industry,飲料及菸草製造業,I008
S0022,industry,飲料及菸草製造,I008
S0023,industry,飲料與菸草製造業,I008
S0024,industry,紡織業,I009
S0025,industry,紡織,I009
S0026,industry,成衣及服飾品製造業,I010
S0027,industry,成衣及服飾品製造,I010
S0028,industry,成衣與服飾品製造業,I010
S0029,industry,皮革﹑毛皮及其製品製造業,I011
S0030,industry,皮革﹑毛皮及其製品製造,I011
S0031,industry,皮革﹑毛皮與其製品製造業,I011
S0032,industry,木竹製品製造業,I012
S0033,industry,木竹製品製造,I012
S0034,industry,紙漿﹑紙及紙製品製造業,I013
S0035,industry,紙漿﹑紙及紙製品製造,I013
S0036,industry,紙漿﹑紙與紙製品製造業,I013
S0037,industry,印刷及資料儲存媒體複製業,I014
S0038,industry,印刷及資料儲存媒體複製,I014
S0039,industry,印刷與資料儲存媒體複製業,I014
S0040,industry,石油及煤製品製造業,I015
S0041,industry,石油及煤製品製造,I015
S0042,industry,石油與煤製品製造業,I015
S0043,industry,化學材料及肥料製造業,I016
S0044,industry,化學材料及肥料製造,I016
S0045,industry,化學材料與肥料製造業,I016
S0046,industry,其他化學製品製造業,I017
S0047,industry,其他化學製品製造,I017
S0048,industry,藥品及醫用化學製品製造業,I018
S0049,industry,藥品及醫用化學製品製造,I018
S0050,industry,藥品與醫用化學製品製造業,I018
S0051,industry,橡膠製品製造業,I019
S0052,industry,橡膠製品製造,I019
S0053,industry,塑膠製品製造業,I020
S0054,industry,塑膠製品製造,I020
S0055,industry,非金屬礦物製品製造業,I021
S0056,industry,非金屬礦物製品製造,I021
S0057,industry,基本金屬製造業,I022
S0058,industry,基本金屬製造,I022
S0059,industry,金屬製品製造業,I023
S0060,industry,金屬製品製造,I023
S0061,industry,電子零組件製造業,I024
S0062,industry,電子零組件製造,I024
S0063,industry,半導體,I024
S0064,industry,晶片,I024
S0065,industry,IC,I024
S0066,industry,晶圓,I024
S0067,industry,GG,I024
S0068,industry,台積電,I024
S0069,industry,電腦﹑電子產品及光學製品製造業,I025
S0070,industry,電腦﹑電子產品及光學製品製造,I025
S0071,industry,電腦﹑電子產品與光學製品製造業,I025
S0072,industry,電力設備及配備製造業,I026
S0073,industry,電力設備及配備製造,I026
S0074,industry,電力設備與配備製造業,I026
S0075,industry,機械設備製造業,I027
S0076,industry,機械設備製造,I027
S0077,industry,汽車及其零件製造業,I028
S0078,industry,汽車及其零件製造,I028
S0079,industry,汽車與其零件製造業,I028
S0080,industry,其他運輸工具及其零件製造業,I029
S0081,industry,其他運輸工具及其零件製造,I029
S0082,industry,其他運輸工具與其零件製造業,I029
S0083,industry,家具製造業,I030
S0084,industry,家具製造,I030
S0085,industry,其他製造業,I031
S0086,industry,其他製造,I031
S0087,industry,產業用機械設備維修及安裝業,I032
S0088,industry,產用機械設備維修及安裝,I032
S0089,industry,產業用機械設備維修與安裝業,I032
S0090,industry,電力及燃氣供應業,I033
S0091,industry,電力及燃氣供應,I033
S0092,industry,電力與燃氣供應業,I033
S0093,industry,電力供應業,I034
S0094,industry,電力供應,I034
S0095,industry,氣體燃料供應業,I035
S0096,industry,氣體燃料供應,I035
S0097,industry,用水供應及污染整治業,I036
S0098,industry,用水供應及污染整治,I036
S0099,industry,用水供應與污染整治業,I036
S0100,industry,用水供應業,I037
S0101,industry,用水供應,I037
S0102,industry,廢水及污水處理業,I038
S0103,industry,廢水及污水處理,I038
S0104,industry,廢水與污水處理業,I038
S0105,industry,廢棄物清除業,I039
S0106,industry,廢棄物清除,I039
S0107,industry,廢棄物處理業,I040
S0108,industry,廢棄物處理,I040
S0109,industry,資源物回收處理及污染整治業,I041
S0110,industry,資源物回收處理及污染整治,I041
S0111,industry,資源物回收處理與污染整治業,I041
S0112,industry,營建工程業,I042
S0113,industry,營建工程,I042
S0114,industry,營造業,I042
S0115,industry,建築業,I042
S0116,industry,建築工程業,I043
S0117,industry,建築工程,I043
S0118,industry,土木工程業,I044
S0119,industry,土木工程,I044
S0120,industry,機電﹑管道及其他建築設備安裝業,I045
S0121,industry,機電﹑管道及其他建築設備安裝,I045
S0122,industry,機電﹑管道與其他建築設備安裝業,I045
S0123,industry,其他專門營造業,I046
S0124,industry,其他專門營造,I046
S0125,industry,服務業,I047
S0126,industry,服務,I047
S0127,industry,批發及零售業,I048
S0128,industry,批發及零售,I048
S0129,industry,批發與零售業,I048
S0130,industry,零售業,I048
S0131,industry,批發業,I048
S0132,industry,零售,I048
S0133,industry,批發業,I049
S0134,industry,批發,I049
S0135,industry,零售業,I050
S0136,industry,零售,I050
S0137,industry,運輸及倉儲業,I051
S0138,industry,運輸及倉儲,I051
S0139,industry,運輸與倉儲業,I051
S0140,industry,物流業,I051
S0141,industry,運輸業,I051
S0142,industry,倉儲業,I051
S0143,industry,鐵路及捷運運輸業,I052
S0144,industry,鐵路及捷運運輸,I052
S0145,industry,鐵路與捷運運輸業,I052
S0146,industry,公共汽車客運業,I053
S0147,industry,公共汽車客運,I053
S0148,industry,其他汽車客運業,I054
S0149,industry,其他汽車客運,I054
S0150,industry,汽車貨運業,I055
S0151,industry,汽車貨運,I055
S0152,industry,海洋水運業,I056
S0153,industry,海洋水運,I056
S0154,industry,航空運輸業,I057
S0155,industry,航空運輸,I057
S0156,industry,港埠業,I058
S0157,industry,港埠,I058
S0158,industry,其他運輸輔助業,I059
S0159,industry,其他運輸輔助,I059
S0160,industry,倉儲業,I060
S0161,industry,倉儲,I060
S0162,industry,郵政業,I061
S0163,industry,郵政,I061
S0164,industry,遞送服務業,I062
S0165,industry,遞送服務,I062
S0166,industry,住宿及餐飲業,I063
S0167,industry,住宿及餐飲,I063
S0168,industry,住宿與餐飲業,I063
S0169,industry,餐飲業,I063
S0170,industry,旅宿業,I063
S0171,industry,飯店業,I063
S0172,industry,住宿業,I064
S0173,industry,住宿,I064
S0174,industry,餐飲業,I065
S0175,industry,餐飲,I065
S0176,industry,餐館,I066
S0177,industry,其他餐飲業,I067
S0178,industry,其他餐飲,I067
S0179,industry,出版影音及資通訊業,I068
S0180,industry,出版影音及資通訊,I068
S0181,industry,出版影音與資通訊業,I068
S0182,industry,出版業,I069
S0183,industry,出版,I069
S0184,industry,影片及電視節目業;聲音錄製及音樂發行業,I070
S0185,industry,影片及電視節目;聲音錄製及音樂發行,I070
S0186,industry,影片與電視節目業;聲音錄製與音樂發行業,I070
S0187,industry,廣播﹑電視節目編排及傳播業,I071
S0188,industry,廣播﹑電視節目編排及傳播,I071
S0189,industry,廣播﹑電視節目編排與傳播業,I071
S0190,industry,電信業,I072
S0191,industry,電信,I072
S0192,industry,電腦程式設計﹑諮詢及相關服務業,I073
S0193,industry,電腦程式設計﹑諮詢及相關服務,I073
S0194,industry,電腦程式設計﹑諮詢與相關服務業,I073
S0195,industry,資訊服務業,I074
S0196,industry,資訊服務,I074
S0197,industry,IT,I074
S0198,industry,資訊業,I074
S0199,industry,軟體業,I074
S0200,industry,金融及保險業,I075
S0201,industry,金融及保險,I075
S0202,industry,金融與保險業,I075
S0203,industry,金融業,I075
S0204,industry,金融保險,I075
S0205,industry,銀行保險,I075
S0206,industry,銀行業,I076
S0207,industry,銀行,I076
S0208,industry,金融機構,I076
S0209,industry,信用合作社,I077
S0210,industry,農會及漁會信用部,I078
S0211,industry,農會與漁會信用部,I078
S0212,industry,其他金融服務業,I079
S0213,industry,其他金融服務,I079
S0214,industry,人身保險業,I080
S0215,industry,人身保險,I080
S0216,industry,保險,I080
S0217,industry,保險公司,I080
S0218,industry,財產保險業,I081
S0219,industry,財產保險,I081
S0220,industry,保險,I081
S0221,industry,保險公司,I081
S0222,industry,其他保險輔助業,I082
S0223,industry,其他保險輔助,I082
S0224,industry,證券期貨及金融輔助業,I083
S0225,industry,證券期貨及金融輔助,I083
S0226,industry,證券期貨與金融輔助業,I083
S0227,industry,證券業,I083
S0228,industry,券商,I083
S0229,industry,期貨業,I083
S0230,industry,不動產業,I084
S0231,industry,不動產,I084
S0232,industry,不動產開發業,I085
S0233,industry,不動產開發,I085
S0234,industry,不動產經營及相關服務業,I086
S0235,industry,不動產經營及相關服務,I086
S0236,industry,不動產經營與相關服務業,I086
S0237,industry,專業﹑科學及技術服務業,I087
S0238,industry,專﹑科學及技術服務,I087
S0239,industry,專業﹑科學及技術服務,I087
S0240,industry,專業﹑科學與技術服務業,I087
S0241,industry,法律服務業,I088
S0242,industry,法律服務,I088
S0243,industry,會計服務業,I089
S0244,industry,會計服務,I089
S0245,industry,企業總管理機構及管理顧問業,I090
S0246,industry,企總管理機構及管理顧問,I090
S0247,industry,企業總管理機構與管理顧問業,I090
S0248,industry,建築﹑工程服務及技術檢測﹑分析服務業,I091
S0249,industry,建築﹑工程服務及技術檢測﹑分析服務,I091
S0250,industry,建築﹑工程服務與技術檢測﹑分析服務業,I091
S0251,industry,研究發展服務業,I092
S0252,industry,研究發展服務,I092
S0253,industry,研發,I092
S0254,industry,R&D,I092
S0255,industry,廣告業及市場研究業,I093
S0256,industry,廣告及市場研究,I093
S0257,industry,廣告業與市場研究業,I093
S0258,industry,專門設計業,I094
S0259,industry,專門設計,I094
S0260,industry,其他專業﹑科學及技術服務業,I095
S0261,industry,其他專﹑科學及技術服務,I095
S0262,industry,其他專業﹑科學及技術服務,I095
S0263,industry,其他專業﹑科學與技術服務業,I095
S0264,industry,支援服務業,I096
S0265,industry,支援服務,I096
S0266,industry,租賃業,I097
S0267,industry,租賃,I097
S0268,industry,人力仲介業,I098
S0269,industry,人力仲介,I098
S0270,industry,人力供應業,I099
S0271,industry,人力供應,I099
S0272,industry,旅行及其他相關服務業,I100
S0273,industry,旅行及其他相關服務,I100
S0274,industry,旅行與其他相關服務業,I100
S0275,industry,保全及偵探業,I101
S0276,industry,保全及偵探,I101
S0277,industry,保全與偵探業,I101
S0278,industry,建築物及綠化服務業,I102
S0279,industry,建築物及綠化服務,I102
S0280,industry,建築物與綠化服務業,I102
S0281,industry,行政支援服務業,I103
S0282,industry,行政支援服務,I103
S0283,industry,教育業（不含小學以上各級公私立學校等）,I104
S0284,industry,教育（不含小學以上各級公私立學校等）,I104
S0285,industry,學前教育,I105
S0286,industry,教育輔助及其他教育業,I106
S0287,industry,教育輔助及其他教育,I106
S0288,industry,教育輔助與其他教育業,I106
S0289,industry,醫療保健及社會工作服務業,I107
S0290,industry,醫療保健及社會工作服務,I107
S0291,industry,醫療保健與社會工作服務業,I107
S0292,industry,醫療保健業,I108
S0293,industry,醫療保健,I108
S0294,industry,社會工作服務業,I109
S0295,industry,社會工作服務,I109
S0296,industry,藝術﹑娛樂及休閒服務業,I110
S0297,industry,藝術﹑娛樂及休閒服務,I110
S0298,industry,藝術﹑娛樂與休閒服務業,I110
S0299,industry,創作及藝術表演業,I111
S0300,industry,創作及藝術表演,I111
S0301,industry,創作與藝術表演業,I111
S0302,industry,運動﹑娛樂及休閒服務業,I112
S0303,industry,運動﹑娛樂及休閒服務,I112
S0304,industry,運動﹑娛樂與休閒服務業,I112
S0305,industry,其他服務業,I113
S0306,industry,其他服務,I113
S0307,industry,個人及家庭用品維修業,I114
S0308,industry,個人及家庭用品維修,I114
S0309,industry,個人與家庭用品維修業,I114
S0310,industry,美髮及美容美體業,I115
S0311,industry,美髮及美容美體,I115
S0312,industry,美髮與美容美體業,I115
S0313,industry,其他個人服務業,I116
S0314,industry,其他個人服務,I116
S0315,education,國中及以下,E001
S0316,education,高中職,E002
S0317,education,專科,E003
S0318,education,大學,E004
S0319,education,學士,E004
S0320,education,Bachelor,E004
S0321,education,碩士,E005
S0322,education,研究所,E005
S0323,education,碩班,E005
S0324,education,Master,E005
S0325,education,博士,E006
S0326,education,PhD,E006
S0327,education,Doctor,E006
S0328,gender,男,G001
S0329,gender,男性,G001
S0330,gender,男生,G001
S0331,gender,女,G002
S0332,gender,女性,G002
S0333,gender,女生,G002
S0334,age,15-24歲,A001
S0335,age,25-29歲,A002
S0336,age,30-39歲,A003
S0337,age,40-49歲,A004
S0338,age,50-64歲,A005
S0339,age,65歲以上,A006